{
  "checkpoint": "models/supervised_gnn/best_model.pt",
  "eval_file": "data/processed/eval_methylated_pks_2_ext_no_stereo_SMILES.txt",
  "n_molecules": 9815,
  "supervised_gnn_direct": {
    "n_evaluated": 9815,
    "n_failed": 0,
    "recall": 0.9374426897605705,
    "mean_prob": 0.8609605383558472,
    "median_prob": 0.9511908292770386
  },
  "ecfp4_probe": {
    "n_evaluated": 9815,
    "n_failed": 0,
    "recall": 0.09098318899643403,
    "mean_prob": 0.14243052899837494,
    "median_prob": 0.04331784322857857
  },
  "delta": {
    "recall": 0.8464595007641366,
    "mean_prob": 0.7185300093574722,
    "median_prob": 0.90787298604846
  }
}