{
  "checkpoint": "models/supervised_gnn/best_model.pt",
  "eval_file": "data/processed/eval_methylated_mixed_ood_pks_2_ext_no_stereo_SMILES.txt",
  "n_molecules": 15413,
  "supervised_gnn_direct": {
    "n_evaluated": 15413,
    "n_failed": 0,
    "recall": 0.45312398624537725,
    "mean_prob": 0.43669190470950014,
    "median_prob": 0.1091342568397522
  },
  "ecfp4_probe": {
    "n_evaluated": 15413,
    "n_failed": 0,
    "recall": 0.04457276325180043,
    "mean_prob": 0.0536305271089077,
    "median_prob": 0.00026075090863741934
  },
  "delta": {
    "recall": 0.4085512229935768,
    "mean_prob": 0.38306137760059245,
    "median_prob": 0.10887350593111478
  }
}