{
  "XGBoost_ecfp4": {
    "accuracy": 0.9806683437632105,
    "auprc": 0.9941021262603917,
    "auroc": 0.9974609651680224,
    "f1": 0.9709452808865882,
    "precision": 0.9728655068410231,
    "recall": 0.9690326202207946
  },
  "XGBoost_atompair": {
    "accuracy": 0.9970235001420681,
    "auprc": 0.9998146421549237,
    "auroc": 0.999914189322141,
    "f1": 0.9955388442542495,
    "precision": 0.9947380984504893,
    "recall": 0.996340880267781
  }
}